Model,Silhouette,Davies,Calinski
KMeans,0.8733043210265214,0.4731290877131791,11951.005477912639
Agglomerative,0.9543151614267527,0.3609355031216297,12931.585083053602
