Model,Silhouette,Davies,Calinski
KMeans,0.8707330122453681,0.5059496498827306,10457.999672632779
Agglomerative,0.8943521688082404,0.537362817254874,9078.061830258082
